index,axis-0,axis-1,axis-2,axis-3,label
0,0.0,0.0,216.10456716363717,1309.5716971395473,state1
1,0.0,0.0,231.92736890402546,1626.027731947314,state1
2,0.0,0.0,384.88111906111266,1942.4837667550805,state1
3,0.0,0.0,405.9781880482971,2040.0577108208086,state1
4,0.0,0.0,469.26939500985037,2100.711784158964,state1
5,0.0,0.0,561.5690718287824,2182.4629264843034,state1
6,0.0,0.0,830.5567014153839,2293.2225386670216,state1
7,0.0,0.0,957.1391153384906,2322.2310085244003,state1
8,0.0,0.0,1194.4811414443154,2345.965211134983,state2
9,0.0,0.0,1281.5065510164513,2295.85967229042,state1
10,0.0,0.0,1384.3547623289753,2253.665534316051,state1
11,0.0,0.0,1442.3717020437325,2251.0284006926527,state1
12,0.0,0.0,1495.1143745116935,2219.382797211876,state1
13,0.0,0.0,1561.042715096645,2153.454456626925,state1
14,0.0,0.0,1613.7853875646063,2116.5345858993524,state1
15,0.0,0.0,1814.2075429428583,1910.838163274304,state1
16,0.0,0.0,1856.4016809172272,1842.2726890659546,state1
17,0.0,0.0,1874.8616162810135,1757.8844131172168,state1
18,0.0,0.0,1972.4355603467418,1444.065511932848,state1
19,0.0,0.0,1990.8954957105282,1399.2342403350813,state1
20,0.0,0.0,1990.8954957105282,1370.2257704777026,state1
21,0.0,0.0,1990.8954957105282,1328.0316325033336,state1
22,0.0,0.0,1982.9840948403337,1267.3775591651788,state1
23,0.0,0.0,1898.595818891596,1008.9384640721693,state1
24,0.0,0.0,1835.3046119300427,879.7189165256647,state1
25,0.0,0.0,1619.0596548114024,650.288291290034,state1
26,0.0,0.0,1049.4387921574225,528.9801446137234,state1
27,0.0,0.0,904.3964428705295,526.3430109903253,state1
28,0.0,0.0,825.2824341685879,555.351480847704,state1
29,0.0,0.0,703.9742874922774,594.9084851986748,state1
30,0.0,0.0,622.2231451669377,652.925424913432,state1
31,0.0,0.0,477.1807958800446,795.3306405769271,state1
32,0.0,0.0,379.60685181431654,882.3560501490628,state1
33,0.0,0.0,340.0498474633457,945.6472571106161,state1
34,0.0,0.0,247.7501706444138,1069.5925374103244,state1
35,0.0,1.0,158.08762744887997,1338.580166996926,state1
36,0.0,1.0,165.9990283190741,1433.5169774392562,state1
37,0.0,1.0,171.27329556587023,1496.8081844008093,state1
38,0.0,1.0,284.6700413719866,1858.0954908063427,state2
39,0.0,1.0,355.87264920373406,1953.0323012486729,state1
40,0.0,1.0,537.8348692181999,2129.7202540163426,state2
41,0.0,1.0,635.4088132839279,2171.9143919907115,state1
42,0.0,1.0,838.4681022855782,2224.6570644586723,state1
43,0.0,1.0,946.5905808448985,2253.665534316051,state1
44,0.0,1.0,1368.531960588587,2245.754133445857,state1
45,0.0,1.0,1408.0889649395579,2203.559995471488,state1
46,0.0,1.0,1452.9202365373249,2193.0114609778957,state1
47,0.0,1.0,1632.2453229283926,2119.17171952275,state1
48,0.0,1.0,1700.810797136742,2063.791913431391,state1
49,0.0,1.0,1782.5619394620817,2000.500706469838,state1
50,0.0,1.0,1877.4987499044116,1884.4668270403236,state1
51,0.0,1.0,1922.3300215021786,1831.7241545723623,state1
52,0.0,1.0,2006.7182974509162,1491.5339171540131,state1
53,0.0,1.0,2006.7182974509162,1391.3228394648872,state1
54,0.0,1.0,1990.8954957105282,1275.2889600353728,state1
55,0.0,1.0,1961.8870258531495,1209.3606194504214,state1
56,0.0,1.0,1851.1274136704312,906.0902527596453,state1
57,0.0,1.0,1674.4394609027615,634.4654895496457,state1
58,0.0,1.0,1539.9456461094608,513.1573428733351,state1
59,0.0,1.0,1508.300042628684,507.8830756265389,state1
60,0.0,1.0,1046.8016585340245,410.3091315608109,state1
61,0.0,1.0,1009.8817878064518,410.3091315608109,state1
62,0.0,1.0,883.2993738833451,420.85766605440324,state1
63,0.0,1.0,524.6492011012097,637.1026231730438,state1
64,0.0,1.0,466.6322613864524,674.0224939006165,state1
65,0.0,1.0,363.78405007392826,800.604907823723,state1
66,0.0,1.0,332.13844659315157,834.8876449278977,state1
67,0.0,1.0,305.767110359171,869.1703820320726,state1
68,0.0,1.0,260.9358387614041,903.4531191362472,state1
69,0.0,1.0,229.29023528062743,990.4785287083829,state1
70,0.0,1.0,171.27329556587023,1127.6094771250819,state1
71,0.0,2.0,216.10456716363717,1248.9176238013924,state1
72,0.0,2.0,200.28176542324883,1304.2974298927516,state1
73,0.0,2.0,200.28176542324883,1370.2257704777026,state1
74,0.0,2.0,274.12150687839437,1776.3443484810032,state1
75,0.0,2.0,424.4381234120835,1989.9521719762456,state1
76,0.0,2.0,474.54366225664654,2042.6948444442064,state1
77,0.0,2.0,537.8348692181999,2076.9775815483813,state1
78,0.0,2.0,569.4804726989765,2105.98605140576,state1
79,0.0,2.0,672.3286840115007,2161.365857497119,state1
80,0.0,2.0,727.7084901028599,2187.7371937310995,state1
81,0.0,2.0,1036.253124040432,2229.9313317054684,state1
82,0.0,2.0,1255.1352147824707,2224.6570644586723,state1
83,0.0,2.0,1294.6922191334415,2222.0199308352744,state1
84,0.0,2.0,1331.6120898610143,2214.10852996508,state1
85,0.0,2.0,1410.726098562956,2187.7371937310995,state1
86,0.0,2.0,1518.8485771222763,2140.2687885099344,state1
87,0.0,2.0,1608.51112031781,2079.614715171779,state1
88,0.0,2.0,1924.9671551255767,1641.8505336877024,state2
89,0.0,2.0,1919.6928878787805,1552.1879904921684,state1
90,0.0,2.0,1932.8785559957707,1536.3651887517804,state1
91,0.0,2.0,1932.8785559957707,1486.259649907217,state1
92,0.0,2.0,1935.5156896191688,1248.9176238013924,state1
93,0.0,2.0,1935.5156896191688,1164.5293478526546,state1
94,0.0,2.0,1880.1358835278097,987.841395084985,state1
95,0.0,2.0,1845.853146423635,956.1957916042082,state1
96,0.0,2.0,1835.3046119300427,908.7273863830434,state1
97,0.0,2.0,1806.2961420726642,866.5332484086745,state1
98,0.0,2.0,1748.279202357907,803.2420414471211,state1
99,0.0,2.0,1595.3254522008199,710.9423646281892,state1
100,0.0,2.0,1487.2029736414995,597.5456188220729,state1
101,0.0,2.0,1350.0720252248007,552.7143472243059,state1
102,0.0,2.0,1049.4387921574225,510.520209249937,state1
103,0.0,2.0,698.7000202454813,565.9000153412961,state1
104,0.0,2.0,580.0290071925688,647.6511576666359,state1
105,0.0,2.0,442.89805877586986,763.6850370961503,state1
106,0.0,2.0,350.59838195693794,887.6303173958589,state1
107,0.0,2.0,274.12150687839437,1095.9638736443053,state1
108,0.0,3.0,213.46743354023909,1380.774304971295,state1
109,0.0,3.0,210.83029991684106,1470.436848166829,state1
110,0.0,3.0,242.47590339761769,1757.8844131172168,state1
111,0.0,3.0,355.87264920373406,1931.9352322614882,state1
112,0.0,3.0,440.26092515247177,2050.606245314401,state2
113,0.0,3.0,582.6661408159669,2171.9143919907115,state1
114,0.0,3.0,746.1684254666462,2229.9313317054684,state1
115,0.0,3.0,904.3964428705295,2272.1254696798374,state1
116,0.0,3.0,959.7762489618887,2295.85967229042,state1
117,0.0,3.0,1081.084395638199,2322.2310085244003,state1
118,0.0,3.0,1381.7176287055775,2264.2140688096433,state1
119,0.0,3.0,1481.9287063947033,2229.9313317054684,state1
120,0.0,3.0,1677.0765945261594,2127.0831203929442,state1
121,0.0,3.0,1737.7306678643147,2082.2518487951775,state1
122,0.0,3.0,1919.6928878787805,1852.8212235595465,state1
123,0.0,3.0,1938.152823242567,1784.2557493511972,state1
124,0.0,3.0,1980.3469612169358,1655.0362018046926,state1
125,0.0,3.0,1985.621228463732,1557.4622577389646,state1
126,0.0,3.0,1988.2583620871299,1473.0739817902268,state1
127,0.0,3.0,1961.8870258531495,1090.6896063975091,state1
128,0.0,3.0,1914.4186206319844,979.9299942147908,state2
129,0.0,3.0,1695.536529889946,790.0563733301309,state1
130,0.0,3.0,1682.3508617729556,734.6765672387718,state1
131,0.0,3.0,1629.6081893049945,708.3052310047912,state1
132,0.0,3.0,1426.5489003033442,581.7228170816846,state1
133,0.0,3.0,1054.7130594042185,534.2544118605196,state1
134,0.0,3.0,893.8479083769373,589.6342179518787,state1
135,0.0,3.0,783.088296194219,621.2798214326555,state1
136,0.0,3.0,722.4342228560638,626.5540886794514,state1
137,0.0,3.0,522.0120674778116,782.1449724599366,state1
138,0.0,3.0,411.25245529509317,929.8244553702278,state1
139,0.0,4.0,239.83876977421966,1169.8036150994508,state1
140,0.0,4.0,226.6531016572294,1470.436848166829,state1
141,0.0,4.0,247.7501706444138,1586.4707275963433,state1
142,0.0,4.0,266.21010600820017,1644.4876673111003,state1
143,0.0,4.0,289.9443086187827,1689.3189389088675,state1
144,0.0,4.0,498.27786486722897,2021.5977754570222,state1
145,0.0,4.0,556.2948045819863,2055.880512561197,state1
146,0.0,4.0,653.8687486477144,2119.17171952275,state1
147,0.0,4.0,690.7886193752871,2127.0831203929442,state1
148,0.0,4.0,735.619890973054,2161.365857497119,state1
149,0.0,4.0,841.1052359089762,2193.0114609778957,state1
150,0.0,4.0,922.8563782343159,2208.834262718284,state1
151,0.0,4.0,1078.447262014801,2253.665534316051,state1
152,0.0,4.0,1123.278533612568,2245.754133445857,state1
153,0.0,4.0,1165.472671586937,2245.754133445857,state1
154,0.0,4.0,1263.046615652665,2229.9313317054684,state1
155,0.0,4.0,1392.2661631991696,2187.7371937310995,state1
156,0.0,4.0,1513.5743098754801,2142.9059221333328,state1
157,0.0,4.0,1561.042715096645,2105.98605140576,state1
158,0.0,4.0,1613.7853875646063,2058.517646184595,state1
159,0.0,4.0,1658.616659162373,2026.8720427038184,state1
160,0.0,4.0,1772.0134049684896,1929.2980986380903,state1
161,0.0,4.0,1803.6590084492661,1887.1039606637214,state1
162,0.0,4.0,1824.7560774364506,1839.6355554425563,state1
163,0.0,4.0,1848.4902800470331,1797.4414174681874,state1
164,0.0,4.0,1861.6759481640233,1734.1502105066343,state1
165,0.0,4.0,1895.958685268198,1713.0531415194496,state1
166,0.0,4.0,1917.0557542553825,1639.213400064304,state1
167,0.0,4.0,1927.6042887489748,1589.1078612197412,state1
168,0.0,4.0,1959.2498922297516,1341.2173006203243,state1
169,0.0,4.0,1946.064224112761,1254.1918910481886,state1
170,0.0,4.0,1938.152823242567,1217.2720203206159,state1
171,0.0,4.0,1911.7814870085865,1119.6980762548878,state1
172,0.0,4.0,1830.0303446832468,924.5501881234317,state1
173,0.0,4.0,1774.6505385918877,871.8075156554706,state1
174,0.0,4.0,1719.2707325005283,813.7905759407134,state1
175,0.0,4.0,1692.899396266548,776.8707052131405,state1
176,0.0,4.0,1518.8485771222763,689.8452956410048,state1
177,0.0,4.0,1471.3801719011112,647.6511576666359,state1
178,0.0,4.0,1416.000365809752,634.4654895496457,state1
179,0.0,4.0,1371.169094211985,618.6426878092574,state1
180,0.0,4.0,1257.7723484058688,584.3599507050825,state1
181,0.0,4.0,1102.1814646253836,544.8029463541119,state1
182,0.0,4.0,1065.2615938978108,550.0772136009078,state1
183,0.0,4.0,738.2570245964521,594.9084851986748,state1
184,0.0,4.0,619.5860115435396,639.7397567964418,state1
185,0.0,4.0,529.9234683480057,721.4908991217814,state1
186,0.0,4.0,382.2439854377146,829.6133776811017,state1
187,0.0,4.0,353.235515580336,890.267451019257,state1
188,0.0,5.0,297.85570948897686,1172.4407487228486,state1
189,0.0,5.0,276.7586405017924,1354.4029687373145,state1
190,0.0,5.0,282.0329077485885,1401.8713739584796,state1
191,0.0,5.0,289.9443086187827,1473.0739817902268,state1
192,0.0,5.0,318.9527784761613,1554.8251241155667,state1
193,0.0,5.0,324.2270457229574,1594.3821284665373,state1
194,0.0,5.0,374.3325845675204,1689.3189389088675,state1
195,0.0,5.0,379.60685181431654,1726.2388096364402,state1
196,0.0,5.0,524.6492011012097,1976.7665038592554,state1
197,0.0,5.0,888.5736411301413,2137.6316548865366,state1
198,0.0,5.0,1012.5189214298497,2156.091590250323,state1
199,0.0,5.0,1104.8185982487817,2161.365857497119,state1
200,0.0,5.0,1173.384072457131,2158.728723873721,state1
201,0.0,5.0,1252.4980811590726,2153.454456626925,state1
202,0.0,5.0,1721.9078661239264,1881.8296934169252,state1
203,0.0,5.0,1837.9417455534408,1649.7619345578964,state1
204,0.0,5.0,1853.764547293829,1583.833593972945,state1
205,0.0,5.0,1877.4987499044116,1557.4622577389646,state1
206,0.0,5.0,1874.8616162810135,1525.816654258188,state1
207,0.0,5.0,1898.595818891596,1362.3143696075085,state1
208,0.0,5.0,1874.8616162810135,1248.9176238013924,state1
209,0.0,5.0,1859.0388145406253,1143.43227886547,state1
210,0.0,5.0,1827.3932110598487,1008.9384640721693,state1
211,0.0,5.0,1811.5704093194604,953.5586579808102,state1
212,0.0,5.0,1777.2876722152855,892.9045846426549,state1
213,0.0,5.0,1748.279202357907,834.8876449278977,state1
214,0.0,5.0,1437.0974347969366,613.3684205624612,state1
215,0.0,5.0,1231.4010121718882,523.7058773669274,state1
216,0.0,5.0,1144.3756025997525,534.2544118605196,state1
217,0.0,5.0,1107.4557318721797,523.7058773669274,state1
218,0.0,5.0,1067.898727521209,523.7058773669274,state1
219,0.0,5.0,804.1853651814034,560.6257480945002,state1
220,0.0,5.0,500.91499849062706,695.119562887801,state1
221,2.0,0.0,432.3495242822776,1805.352818338382,state2
222,2.0,0.0,817.3710332983937,2127.0831203929442,state2
223,2.0,0.0,1012.5189214298497,2164.002991120517,state2
224,2.0,0.0,1062.6244602744127,2171.9143919907115,state2
225,2.0,0.0,1292.0550855100435,2166.6401247439153,state2
226,2.0,0.0,1447.6459692905287,2103.3489177823617,state2
227,2.0,0.0,1595.3254522008199,2047.9691116910026,state2
228,2.0,0.0,1669.1651936559654,1987.3150383528473,state2
229,2.0,0.0,1706.085064383538,1921.3866977678963,state2
230,2.0,0.0,1743.0049351111109,1884.4668270403236,state2
231,2.0,0.0,1764.1020040982953,1847.5469563127504,state2
232,2.0,0.0,1793.110473955674,1831.7241545723623,state2
233,2.0,0.0,1808.9332756960623,1786.8928829745955,state2
234,2.0,0.0,1835.3046119300427,1757.8844131172168,state2
235,2.0,0.0,1843.216012800237,1702.5046070258577,state2
236,2.0,0.0,1888.047284398004,1533.728055128382,state2
237,2.0,0.0,1882.7730171512078,1473.0739817902268,state2
238,2.0,0.0,1874.8616162810135,1386.048572218091,state2
239,2.0,0.0,1874.8616162810135,1306.9345635161494,state2
240,2.0,0.0,1851.1274136704312,1256.8290246715865,state2
241,2.0,0.0,1814.2075429428585,1117.0609426314895,state2
242,2.0,0.0,1774.6505385918877,1040.5840675529462,state2
243,2.0,0.0,1700.810797136742,943.010123487218,state2
244,2.0,0.0,1684.9879953963537,892.9045846426549,state2
245,2.0,0.0,1539.9456461094608,774.2335715897426,state2
246,2.0,0.0,1476.6544391479074,703.030963757995,state2
247,2.0,0.0,1273.595150146257,655.5625585368301,state2
248,2.0,0.0,920.2192446109178,616.0055541858593,state2
249,2.0,0.0,759.3540935836365,660.8368257836261,state2
250,2.0,0.0,714.5228219858695,671.3853602772184,state2
251,2.0,0.0,511.4635329842193,829.6133776811017,state2
252,2.0,0.0,421.8009897886854,935.0987226170238,state2
253,2.0,0.0,379.60685181431654,1014.2127313189654,state2
254,2.0,0.0,361.14691645053017,1061.6811365401304,state2
255,2.0,0.0,295.2185758655788,1201.4492185802274,state2
256,2.0,0.0,284.6700413719866,1293.7488953991592,state2
257,2.0,1.0,247.7501706444138,1314.8459643863434,state2
258,2.0,1.0,239.83876977421966,1407.1456412052753,state2
259,2.0,1.0,292.58144224218074,1715.690275142848,state2
260,2.0,1.0,403.341054424899,1926.660965014692,state2
261,2.0,1.0,519.3749338544135,2047.9691116910026,state2
262,2.0,1.0,616.9488779201415,2132.3573876397404,state2
263,2.0,1.0,835.8309686621801,2203.559995471488,state2
264,2.0,1.0,933.404912727908,2232.5684653288668,state2
265,2.0,1.0,991.4218524426655,2243.1169998224586,state2
266,2.0,1.0,1239.3124130420824,2224.6570644586723,state2
267,2.0,1.0,1418.6374994331502,2169.277258367313,state2
268,2.0,1.0,1830.0303446832468,1792.1671502213912,state2
269,2.0,1.0,1866.9502154108195,1728.875943259838,state2
270,2.0,1.0,1901.2329525149942,1607.5677965835275,state2
271,2.0,1.0,1943.427090489363,1383.4114385946932,state2
272,2.0,1.0,1935.5156896191688,1206.7234858270235,state2
273,2.0,1.0,1880.1358835278097,1014.2127313189654,state2
274,2.0,1.0,1695.536529889946,732.0394336153737,state2
275,2.0,1.0,1471.3801719011112,586.9970843284806,state2
276,2.0,1.0,938.6791799747042,494.6974075095487,state2
277,2.0,1.0,862.2023048961606,523.7058773669274,state2
278,2.0,1.0,822.6453005451898,523.7058773669274,state2
279,2.0,1.0,667.0544167647046,602.8198860688689,state2
280,2.0,1.0,466.6322613864524,747.862235355762,state2
281,2.0,1.0,416.52672254188934,819.0648431875094,state2
282,2.0,1.0,340.0498474633457,940.37298986382,state2
283,2.0,2.0,292.58144224218074,1517.905253387994,state2
284,2.0,2.0,318.9527784761613,1578.5593267261488,state2
285,2.0,2.0,321.58991209955934,1684.0446716620713,state2
286,2.0,2.0,332.13844659315157,1720.964542389644,state2
287,2.0,2.0,374.3325845675204,1829.087020948964,state2
288,2.0,2.0,440.26092515247177,1910.838163274304,state2
289,2.0,2.0,514.1006666076174,2008.412107340032,state2
290,2.0,2.0,970.324783455481,2251.028400692653,state2
291,2.0,2.0,1044.1645249106264,2253.665534316051,state2
292,2.0,2.0,1102.1814646253836,2261.576935186245,state2
293,2.0,2.0,1466.105904654315,2193.0114609778957,state2
294,2.0,2.0,1595.3254522008199,2137.6316548865366,state2
295,2.0,2.0,1663.8909264091692,2042.6948444442064,state2
296,2.0,2.0,1692.899396266548,1971.4922366124592,state2
297,2.0,2.0,1740.3678014877128,1895.0153615339154,state2
298,2.0,2.0,1766.7391377216934,1836.9984218191585,state2
299,2.0,2.0,1806.2961420726642,1768.4329476108092,state2
300,2.0,2.0,1827.3932110598487,1728.875943259838,state2
301,2.0,2.0,1866.9502154108195,1628.6648655707122,state2
302,2.0,2.0,1885.4101507746059,1541.639455998576,state2
303,2.0,2.0,1911.7814870085865,1459.8883136732366,state2
304,2.0,2.0,1909.1443533851884,1425.6055765690617,state2
305,2.0,2.0,1909.1443533851884,1341.2173006203243,state2
306,2.0,2.0,1895.958685268198,1124.9723435016836,state2
307,2.0,2.0,1890.684418021402,1093.326740020907,state2
308,2.0,2.0,1872.2244826576157,1024.7612658125577,state2
309,2.0,2.0,1687.6251290197517,771.5964379663445,state2
310,2.0,2.0,1587.4140513306256,681.9338947708105,state2
311,2.0,2.0,1521.4857107456744,655.5625585368301,state2
312,2.0,2.0,1125.915667235966,526.3430109903253,state2
313,2.0,2.0,904.3964428705295,544.8029463541119,state2
314,2.0,2.0,698.7000202454813,671.3853602772184,state2
315,2.0,2.0,524.6492011012097,795.3306405769271,state2
316,2.0,2.0,450.809459646064,898.178851889451,state2
317,2.0,2.0,392.79251993130686,982.5671278381889,state2
318,2.0,2.0,371.6954509441224,1027.3983994359555,state2
319,2.0,2.0,318.9527784761613,1156.6179469824606,state2
320,2.0,2.0,295.2185758655788,1304.2974298927516,state2
321,2.0,3.0,308.4042439825691,1354.4029687373145,state2
322,2.0,3.0,384.88111906111266,1739.4244777534304,state2
323,2.0,3.0,498.27786486722897,1931.9352322614882,state2
324,2.0,3.0,514.1006666076174,1950.3951676252746,state2
325,2.0,3.0,809.4596324281996,2150.817323003527,state2
326,2.0,3.0,867.4765721429568,2156.091590250323,state2
327,2.0,3.0,909.6707101173256,2158.728723873721,state2
328,2.0,3.0,972.9619170788789,2171.9143919907115,state2
329,2.0,3.0,1157.5612707167427,2203.559995471488,state2
330,2.0,3.0,1455.557370160723,2140.2687885099344,state2
331,2.0,3.0,1576.8655168370335,2045.3319780676047,state2
332,2.0,3.0,1634.8824565517907,2013.6863745868282,state2
333,2.0,3.0,1648.068124668781,1997.8635728464396,state2
334,2.0,3.0,1674.4394609027615,1976.7665038592554,state2
335,2.0,3.0,1700.810797136742,1955.6694348720707,state2
336,2.0,3.0,1729.8192669941207,1939.8466331316827,state2
337,2.0,3.0,1837.9417455534408,1792.1671502213912,state2
338,2.0,3.0,1895.958685268198,1699.8674734024594,state2
339,2.0,3.0,1940.7899568659652,1383.4114385946932,state2
340,2.0,3.0,1935.5156896191688,1333.3058997501298,state2
341,2.0,3.0,1927.6042887489748,1277.9260936587707,state2
342,2.0,3.0,1901.2329525149942,1088.0524727741108,state2
343,2.0,3.0,1819.4818101896544,940.37298986382,state2
344,2.0,3.0,1690.2622626431498,797.9677742003249,state2
345,2.0,3.0,1640.1567237985867,734.6765672387718,state2
346,2.0,3.0,1613.7853875646063,721.4908991217814,state2
347,2.0,3.0,1500.38864175849,650.288291290034,state2
348,2.0,3.0,1434.4603011735385,623.9169550560533,state2
349,2.0,3.0,1381.7176287055775,610.7312869390631,state2
350,2.0,3.0,1062.6244602744127,589.6342179518787,state2
351,2.0,3.0,965.0505162086848,597.5456188220729,state2
352,2.0,3.0,883.2993738833451,634.4654895496457,state2
353,2.0,3.0,820.0081669217918,645.0140240432378,state2
354,2.0,3.0,790.9996970644132,660.8368257836261,state2
355,2.0,3.0,566.8433390755786,787.4192397067328,state2
356,2.0,3.0,527.2863347246077,845.43617942149,state2
357,2.0,3.0,437.6237915290738,953.5586579808102,state2
358,2.0,3.0,398.06678717810297,1022.1241321891597,state2
359,2.0,3.0,329.50131296975354,1243.6433565545963,state2
360,2.0,3.0,316.3156448527632,1299.0231626459554,state2
361,2.0,4.0,242.47590339761769,1280.563227282169,state2
362,2.0,4.0,282.0329077485885,1589.1078612197412,state2
363,2.0,4.0,313.6785112293652,1673.496137168479,state2
364,2.0,4.0,345.3241147101418,1726.2388096364402,state2
365,2.0,4.0,369.0583173207243,1778.981482104401,state2
366,2.0,4.0,408.6153216716952,1836.9984218191585,state2
367,2.0,4.0,500.91499849062706,1958.306568495469,state2
368,2.0,4.0,685.5143521284909,2100.711784158964,state2
369,2.0,4.0,838.4681022855782,2158.728723873721,state2
370,2.0,4.0,909.6707101173256,2177.188659237507,state2
371,2.0,4.0,1012.5189214298497,2195.6485946012936,state2
372,2.0,4.0,1284.1436846398494,2179.8257928609055,state2
373,2.0,4.0,1431.8231675501404,2127.0831203929442,state2
374,2.0,4.0,1508.300042628684,2092.80038328877,state2
375,2.0,4.0,1555.768447849849,2066.429047054789,state2
376,2.0,4.0,1587.4140513306256,2050.606245314401,state2
377,2.0,4.0,1619.0596548114022,2029.5091763272162,state2
378,2.0,4.0,1819.4818101896544,1797.4414174681874,state2
379,2.0,4.0,1911.7814870085865,1641.8505336877024,state2
380,2.0,4.0,1953.9756249829554,1446.7026455562464,state2
381,2.0,4.0,1956.6127586063533,1309.5716971395473,state2
382,2.0,4.0,1953.9756249829554,1275.2889600353728,state2
383,2.0,4.0,1948.7013577361593,1238.3690893078,state2
384,2.0,4.0,1888.047284398004,974.6557269679946,state2
385,2.0,4.0,1853.7645472938293,932.4615889936257,state2
386,2.0,4.0,1706.085064383538,739.9508344855677,state2
387,2.0,4.0,1619.0596548114024,668.7482266538203,state2
388,2.0,4.0,1542.5827797328586,616.0055541858593,state2
389,2.0,4.0,1357.983426094995,536.8915454839176,state2
390,2.0,4.0,1289.4179518866454,523.7058773669274,state2
391,2.0,4.0,1183.9326069507233,518.4316101201313,state2
392,2.0,4.0,1107.4557318721797,518.4316101201313,state2
393,2.0,4.0,875.3879730131509,531.6172782371215,state2
394,2.0,4.0,838.4681022855782,544.8029463541119,state2
395,2.0,4.0,806.8224988048015,552.7143472243059,state2
396,2.0,4.0,769.9026280772288,568.5371489646942,state2
397,2.0,4.0,661.7801495179085,637.1026231730438,state2
398,2.0,4.0,556.2948045819863,684.5710283942086,state2
399,2.0,4.0,440.26092515247177,824.3391104343056,state2
400,2.0,4.0,369.05831732072437,898.178851889451,state2
401,2.0,4.0,308.4042439825691,972.0185933445965,state2
402,2.0,5.0,295.21857586557877,1533.728055128382,state2
403,2.0,5.0,300.4928431123749,1604.9306629601297,state2
404,2.0,5.0,503.55213211402514,1937.2094995082844,state2
405,2.0,5.0,569.4804726989765,2005.7749737166337,state2
406,2.0,5.0,609.0374770499474,2032.1463099506145,state2
407,2.0,5.0,943.9534472215004,2185.1000601077017,state2
408,2.0,5.0,1025.70458954684,2187.7371937310995,state2
409,2.0,5.0,1144.3756025997525,2187.7371937310995,state2
410,2.0,5.0,1410.726098562956,2127.0831203929442,state2
411,2.0,5.0,1613.7853875646063,2003.1378400932358,state2
412,2.0,5.0,1666.5280600325673,1958.306568495469,state2
413,2.0,5.0,1753.5534696047032,1855.4583571829448,state2
414,2.0,5.0,1808.9332756960623,1797.4414174681874,state2
415,2.0,5.0,1840.5788791768389,1749.9730122470228,state2
416,2.0,5.0,1874.8616162810135,1636.5762664409062,state2
417,2.0,5.0,1898.595818891596,1568.010792232557,state2
418,2.0,5.0,1924.9671551255767,1433.5169774392562,state2
419,2.0,5.0,1927.6042887489748,1391.3228394648872,state2
420,2.0,5.0,1927.6042887489748,1243.6433565545963,state2
421,2.0,5.0,1885.4101507746059,1069.5925374103244,state2
422,2.0,5.0,1830.0303446832468,974.6557269679946,state2
423,2.0,5.0,1779.9248058386836,890.267451019257,state2
424,2.0,5.0,1434.4603011735385,608.094153315665,state2
425,2.0,5.0,1371.169094211985,597.5456188220729,state2
426,2.0,5.0,1318.426421744024,568.5371489646942,state2
427,2.0,5.0,920.2192446109178,563.2628817178983,state2
428,2.0,5.0,878.025106636549,576.4485498348885,state2
429,2.0,5.0,841.1052359089763,589.6342179518787,state2
430,2.0,5.0,785.725429817617,608.094153315665,state2
431,2.0,5.0,738.2570245964521,631.8283559262476,state2
432,2.0,5.0,667.0544167647046,658.1996921602282,state2
433,2.0,5.0,566.8433390755786,732.0394336153737,state2
434,2.0,5.0,532.5606019714038,761.0479034727522,state2
435,2.0,5.0,482.4550631268407,824.3391104343056,state2
436,2.0,5.0,427.07525703548157,874.4446492788685,state2
437,2.0,5.0,400.703920801501,906.0902527596453,state2
438,2.0,5.0,361.14691645053017,977.2928605913927,state2
439,2.0,5.0,340.0498474633457,1043.221201176344,state2
440,2.0,5.0,311.0413776059671,1088.0524727741108,state2
441,4.0,0.0,342.6869810867438,1275.2889600353728,state1
442,4.0,0.0,345.3241147101418,1554.8251241155667,state1
443,4.0,0.0,347.9612483335399,1620.7534647005177,state2
444,4.0,0.0,382.2439854377146,1678.7704044152752,state1
445,4.0,0.0,408.6153216716952,1752.6101458704206,state1
446,4.0,0.0,558.9319382053843,1913.4752968977018,state1
447,4.0,0.0,653.8687486477144,1997.8635728464396,state1
448,4.0,0.0,717.1599556092676,2040.0577108208086,state1
449,4.0,0.0,849.0166367791704,2090.1632496653715,state1
450,4.0,0.0,936.0420463513061,2108.623185029158,state1
451,4.0,0.0,1152.2870034699465,2111.260318652556,state1
452,4.0,0.0,1471.3801719011112,2016.323508210226,state1
453,4.0,0.0,1547.8570469796548,1939.8466331316827,state1
454,4.0,0.0,1619.0596548114022,1873.9182925467312,state2
455,4.0,0.0,1658.616659162373,1839.6355554425563,state1
456,4.0,0.0,1684.9879953963537,1810.6270855851776,state2
457,4.0,0.0,1748.279202357907,1710.4160078960517,state1
458,4.0,0.0,1785.1990730854798,1612.8420638303237,state1
459,4.0,0.0,1777.2876722152855,1153.9808133590623,state1
460,4.0,0.0,1708.7221980069362,998.3899295785772,state1
461,4.0,0.0,1658.616659162373,914.0016536298393,state1
462,4.0,0.0,1007.2446541830537,647.6511576666359,state1
463,4.0,0.0,899.1221756237335,674.0224939006165,state1
464,4.0,0.0,688.151485751889,761.0479034727522,state1
465,4.0,0.0,506.1892657374232,903.4531191362472,state1
466,4.0,0.0,448.172326022666,985.204261461587,state1
467,4.0,1.0,340.0498474633457,1364.9515032309064,state1
468,4.0,1.0,350.59838195693794,1512.6309861411978,state1
469,4.0,1.0,361.14691645053017,1568.010792232557,state2
470,4.0,1.0,456.08372689286017,1786.8928829745955,state1
471,4.0,1.0,487.72933037363686,1823.8127537021683,state1
472,4.0,1.0,627.4974124137337,1958.306568495469,state1
473,4.0,1.0,806.8224988048015,2063.791913431391,state1
474,4.0,1.0,933.404912727908,2100.711784158964,state1
475,4.0,1.0,1202.3925423145097,2145.5430557567306,state1
476,4.0,1.0,1265.6837492760628,2134.9945212631387,state1
477,4.0,1.0,1336.8863571078105,2113.897452275954,state1
478,4.0,1.0,1384.3547623289753,2084.8889824185753,state1
479,4.0,1.0,1434.4603011735385,2076.9775815483813,state1
480,4.0,1.0,1466.105904654315,2063.791913431391,state1
481,4.0,1.0,1629.6081893049945,1974.129370235857,state1
482,4.0,1.0,1687.6251290197517,1910.838163274304,state1
483,4.0,1.0,1795.7476075790719,1771.070081234207,state1
484,4.0,1.0,1872.2244826576157,1560.0993913623624,state1
485,4.0,1.0,1895.958685268198,1499.4453180242076,state1
486,4.0,1.0,1901.2329525149942,1422.9684429456638,state1
487,4.0,1.0,1909.1443533851884,1349.1287014905183,state1
488,4.0,1.0,1890.684418021402,1177.7150159696448,state1
489,4.0,1.0,1811.5704093194604,990.4785287083829,state1
490,4.0,1.0,1782.5619394620817,932.4615889936257,state1
491,4.0,1.0,1597.962585824218,732.0394336153737,state2
492,4.0,1.0,1421.2746330565483,645.0140240432378,state1
493,4.0,1.0,1278.8694173930533,589.6342179518787,state1
494,4.0,1.0,1009.8817878064518,579.0856834582866,state1
495,4.0,1.0,540.472002841598,832.2505113044996,state1
496,4.0,1.0,500.91499849062706,869.1703820320726,state1
497,4.0,1.0,376.9697181909185,1148.706546112266,state1
498,4.0,1.0,350.59838195693794,1193.5378177100333,state1
499,4.0,2.0,297.85570948897686,1504.7195852710033,state1
500,4.0,2.0,295.21857586557877,1536.3651887517804,state1
501,4.0,2.0,366.4211836973263,1760.5215467406147,state1
502,4.0,2.0,398.0667871781029,1810.6270855851776,state1
503,4.0,2.0,490.3664639970348,1942.4837667550805,state1
504,4.0,2.0,566.8433390755785,2003.1378400932358,state1
505,4.0,2.0,598.4889425563551,2021.5977754570222,state1
506,4.0,2.0,632.7716796605299,2040.0577108208086,state1
507,4.0,2.0,812.0967660515976,2127.0831203929442,state1
508,4.0,2.0,856.9280376493646,2124.4459867695464,state1
509,4.0,2.0,899.1221756237334,2137.6316548865366,state1
510,4.0,2.0,994.0589860660633,2145.5430557567306,state1
511,4.0,2.0,1590.0511849540237,1916.1124305211001,state1
512,4.0,2.0,1616.4225211880043,1868.644025299935,state1
513,4.0,2.0,1653.342391915577,1826.4498873255661,state2
514,4.0,2.0,1801.021874825868,1520.5423870113918,state1
515,4.0,2.0,1830.0303446832468,1354.4029687373145,state1
516,4.0,2.0,1822.1189438130525,1299.0231626459554,state1
517,4.0,2.0,1732.4564006175187,998.3899295785772,state1
518,4.0,2.0,1682.3508617729556,911.3645200064412,state1
519,4.0,2.0,1497.7515081350919,753.1365026025582,state2
520,4.0,2.0,1168.109805210335,631.8283559262476,state1
521,4.0,2.0,1001.9703869362576,605.457019692267,state1
522,4.0,2.0,756.7169599602385,663.4739594070242,state1
523,4.0,2.0,698.7000202454813,689.8452956410048,state1
524,4.0,2.0,656.5058822711123,697.756696511199,state1
525,4.0,2.0,537.8348692182,787.4192397067328,state1
526,4.0,2.0,379.60685181431654,1024.7612658125577,state1
527,4.0,2.0,303.12997673577297,1225.18342119081,state1
528,4.0,2.0,292.58144224218074,1256.8290246715865,state1
529,4.0,2.0,371.6954509441224,-338.6368174842365,state1
530,4.0,3.0,292.58144224218074,1320.1202316331396,state1
531,4.0,3.0,284.6700413719866,1383.4114385946932,state1
532,4.0,3.0,321.58991209955934,1665.584736298285,state1
533,4.0,3.0,382.2439854377146,1723.601676013042,state1
534,4.0,3.0,382.2439854377146,1765.7958139874108,state2
535,4.0,3.0,408.6153216716952,1810.6270855851776,state1
536,4.0,3.0,532.5606019714038,1966.217969365663,state1
537,4.0,3.0,907.0335764939276,2156.091590250323,state1
538,4.0,3.0,1244.5866802888786,2119.17171952275,state1
539,4.0,3.0,1323.7006889908203,2119.17171952275,state1
540,4.0,3.0,1516.2114434988782,2032.1463099506145,state1
541,4.0,3.0,1561.042715096645,1979.4036374826533,state1
542,4.0,3.0,1645.4309910453828,1908.2010296509056,state1
543,4.0,3.0,1719.2707325005283,1786.8928829745955,state1
544,4.0,3.0,1769.3762713450915,1702.5046070258577,state1
545,4.0,3.0,1824.7560774364506,1568.010792232557,state1
546,4.0,3.0,1650.705258292179,853.3475802916843,state1
547,4.0,3.0,1579.5026504604316,795.3306405769271,state1
548,4.0,3.0,1532.0342452392665,737.3137008621699,state1
549,4.0,3.0,1181.2954733273252,597.5456188220729,state1
550,4.0,3.0,645.9573477775201,726.7651663685775,state1
551,4.0,3.0,595.8518089329572,766.3221707195484,state1
552,4.0,3.0,474.54366225664654,874.4446492788685,state1
553,4.0,3.0,384.88111906111266,1032.6726666827517,state1
554,4.0,3.0,332.13844659315157,1103.8752745144993,state1
555,4.0,5.0,295.2185758655788,1357.0401023607124,state1
556,4.0,5.0,282.0329077485885,1422.9684429456638,state1
557,4.0,5.0,297.85570948897686,1491.5339171540131,state1
558,4.0,5.0,403.341054424899,1786.8928829745955,state1
559,4.0,5.0,495.640731243831,1918.749564144498,state1
560,4.0,5.0,685.5143521284909,2045.3319780676047,state1
561,4.0,5.0,888.5736411301413,2148.180189380129,state1
562,4.0,5.0,949.2277144682965,2148.180189380129,state1
563,4.0,5.0,1088.9957965083934,2119.17171952275,state2
564,4.0,5.0,1413.363232186354,2071.703314301585,state1
565,4.0,5.0,1653.342391915577,1871.281158923333,state1
566,4.0,5.0,1708.7221980069362,1778.981482104401,state1
567,4.0,5.0,1769.3762713450915,1670.8590035450811,state1
568,4.0,5.0,1793.110473955674,1604.9306629601297,state1
569,4.0,5.0,1808.9332756960623,1533.728055128382,state1
570,4.0,5.0,1816.8446765662563,1480.9853826604208,state1
571,4.0,5.0,1661.253792785771,887.6303173958589,state1
572,4.0,5.0,1563.679848720043,800.604907823723,state1
573,4.0,5.0,1318.426421744024,652.925424913432,state1
574,4.0,5.0,1147.0127362231506,592.2713515752768,state1
575,4.0,5.0,780.451162570821,655.5625585368301,state1
576,4.0,5.0,714.5228219858695,695.119562887801,state1
577,4.0,5.0,390.15538630790877,1014.2127313189654,state1
578,4.0,5.0,321.58991209955934,1132.883744371878,state1
579,8.0,0.0,392.79251993130686,1586.4707275963433,state1
580,8.0,0.0,427.07525703548157,1655.0362018046926,state2
581,8.0,0.0,453.4465932694621,1718.3274087662458,state2
582,8.0,0.0,469.26939500985037,1757.8844131172168,state2
583,8.0,0.0,490.3664639970348,1818.538486455372,state2
584,8.0,0.0,756.7169599602385,2082.2518487951775,state1
585,8.0,0.0,930.7677791045102,2164.002991120517,state2
586,8.0,0.0,1170.7469388337329,2187.7371937310995,state1
587,8.0,0.0,1429.1860339267423,2108.623185029158,state1
588,8.0,0.0,1566.3169823434412,2016.323508210226,state1
589,8.0,0.0,1592.6883185774218,1997.8635728464396,state1
590,8.0,0.0,1671.8023272793635,1921.3866977678963,state1
591,8.0,0.0,1835.3046119300427,1523.1795206347897,state2
592,8.0,0.0,1806.2961420726642,1056.4068692933342,state2
593,8.0,0.0,1766.7391377216934,1011.5755976955674,state1
594,8.0,0.0,1706.085064383538,908.7273863830434,state2
595,8.0,0.0,1655.9795255389752,871.8075156554706,state2
596,8.0,0.0,1078.447262014801,658.1996921602282,state1
597,8.0,0.0,1007.2446541830537,681.9338947708105,state1
598,8.0,0.0,962.4133825852867,692.4824292644029,state2
599,8.0,0.0,917.5821109875197,710.9423646281892,state1
600,8.0,0.0,698.7000202454813,790.0563733301309,state1
601,8.0,0.0,564.2062054521805,927.1873217468298,state1
602,8.0,0.0,516.7378002310155,1008.9384640721693,state2
603,8.0,0.0,490.3664639970348,1059.0440029167326,state1
604,8.0,0.0,458.72086051625826,1101.2381408911015,state2
605,8.0,0.0,413.88958891849126,1217.2720203206159,state1
606,8.0,1.0,213.46743354023909,1314.8459643863434,state2
607,8.0,1.0,210.83029991684106,1444.065511932848,state2
608,8.0,1.0,218.7417007870352,1570.6479258559548,state1
609,8.0,1.0,237.20163615082157,1647.1248009344986,state2
610,8.0,1.0,382.2439854377146,1871.281158923333,state1
611,8.0,1.0,432.3495242822776,1910.838163274304,state1
612,8.0,1.0,582.6661408159669,2018.9606418336243,state1
613,8.0,1.0,722.4342228560638,2100.711784158964,state2
614,8.0,1.0,1015.1560550532478,2203.559995471488,state2
615,8.0,1.0,1110.0928654955776,2216.7456635884782,state1
616,8.0,1.0,1273.595150146257,2198.285728224692,state2
617,8.0,1.0,1400.1775640693638,2166.6401247439153,state2
618,8.0,1.0,1724.5449997473245,1939.8466331316827,state1
619,8.0,1.0,1750.916335981305,1900.2896287807116,state2
620,8.0,1.0,1787.8362067088779,1844.9098226893525,state2
621,8.0,1.0,1843.216012800237,1734.1502105066343,state2
622,8.0,1.0,1861.6759481640233,1684.0446716620713,state2
623,8.0,1.0,1888.047284398004,1565.3736586091586,state1
624,8.0,1.0,1903.8700861383923,1457.2511800498387,state1
625,8.0,1.0,1732.4564006175187,921.9130545000336,state2
626,8.0,1.0,1687.6251290197517,874.4446492788685,state1
627,8.0,1.0,1508.300042628684,721.4908991217814,state2
628,8.0,1.0,1455.557370160723,692.4824292644029,state1
629,8.0,1.0,1397.5404304459657,674.0224939006165,state1
630,8.0,1.0,1205.0296759379078,600.182752445471,state2
631,8.0,1.0,1102.1814646253836,589.6342179518787,state2
632,8.0,1.0,849.0166367791704,631.8283559262476,state1
633,8.0,1.0,582.6661408159669,742.5879681089658,state1
634,8.0,1.0,461.3579941396562,840.1619121746938,state1
635,8.0,1.0,340.0498474633457,972.0185933445965,state2
636,8.0,2.0,247.7501706444138,1330.668766126732,state2
637,8.0,2.0,247.7501706444138,1512.6309861411978,state1
638,8.0,2.0,247.7501706444138,1541.639455998576,state1
639,8.0,2.0,258.298705138006,1575.922193102751,state2
640,8.0,2.0,601.1260761797532,2042.6948444442064,state2
641,8.0,2.0,711.8856883624716,2092.80038328877,state2
642,8.0,2.0,814.7338996749957,2137.6316548865366,state2
643,8.0,2.0,1244.5866802888786,2121.808853146148,state2
644,8.0,2.0,1460.831637407519,2040.0577108208086,state2
645,8.0,2.0,1503.0257753818878,2008.412107340032,state1
646,8.0,2.0,1526.7599779924703,1982.0407711060511,state2
647,8.0,2.0,1655.9795255389752,1871.281158923333,state2
648,8.0,2.0,1769.3762713450915,1699.8674734024594,state2
649,8.0,2.0,1808.9332756960623,1573.285059479353,state2
650,8.0,2.0,1822.1189438130525,1531.0909215049842,state1
651,8.0,2.0,1837.9417455534408,1288.474628152363,state2
652,8.0,2.0,1819.4818101896544,1177.7150159696448,state2
653,8.0,2.0,1779.9248058386836,1077.503938280519,state1
654,8.0,2.0,1645.4309910453828,850.7104466682862,state2
655,8.0,2.0,1423.9117666799461,687.2081620176067,state1
656,8.0,2.0,1334.2492234844124,645.0140240432378,state2
657,8.0,2.0,1125.915667235966,592.2713515752768,state1
658,8.0,2.0,1007.2446541830537,592.2713515752768,state2
659,8.0,2.0,925.493511857714,594.9084851986748,state2
660,8.0,2.0,722.4342228560638,645.0140240432378,state2
661,8.0,2.0,622.2231451669377,710.9423646281892,state1
662,8.0,2.0,390.15538630790877,956.1957916042082,state2
663,8.0,2.0,350.59838195693794,1035.30980030615,state1
664,8.0,2.0,329.50131296975354,1077.503938280519,state1
665,8.0,2.0,303.12997673577297,1159.2550806058584,state1
666,8.0,2.0,271.4843732549963,1193.5378177100333,state2
667,8.0,2.0,260.9358387614041,1227.8205548142078,state2
668,8.0,3.0,369.0583173207243,1483.622516283819,state1
669,8.0,3.0,390.15538630790877,1602.2935293367314,state1
670,8.0,3.0,635.4088132839279,1992.5893055996435,state1
671,8.0,3.0,804.1853651814034,2108.623185029158,state2
672,8.0,3.0,1265.6837492760628,2145.5430557567306,state1
673,8.0,3.0,1336.8863571078105,2127.0831203929442,state1
674,8.0,3.0,1447.6459692905287,2076.9775815483813,state2
675,8.0,3.0,1495.1143745116938,2040.0577108208086,state1
676,8.0,3.0,1684.9879953963537,1879.1925597935274,state1
677,8.0,3.0,1708.7221980069362,1826.4498873255661,state1
678,8.0,3.0,1795.7476075790719,1053.7697356699364,state2
679,8.0,3.0,1339.5234907312085,692.4824292644029,state2
680,8.0,3.0,1249.8609475356745,676.6596275240146,state2
681,8.0,3.0,1001.9703869362576,663.4739594070242,state1
682,8.0,3.0,938.6791799747042,671.3853602772184,state1
683,8.0,3.0,891.2107747535392,689.8452956410048,state1
684,8.0,3.0,841.1052359089763,710.9423646281892,state1
685,8.0,3.0,743.5312918432483,737.3137008621699,state2
686,8.0,3.0,529.9234683480057,877.0817829022666,state2
687,8.0,3.0,390.15538630790877,1161.8922142292568,state1
688,8.0,3.0,376.9697181909185,1233.094822061004,state2
689,8.0,4.0,260.9358387614041,1201.4492185802274,state1
690,8.0,4.0,247.7501706444138,1454.6140464264404,state1
691,8.0,4.0,266.21010600820017,1509.9938525177995,state2
692,8.0,4.0,318.9527784761613,1710.4160078960517,state1
693,8.0,4.0,392.7925199313068,1815.9013528319738,state2
694,8.0,4.0,448.172326022666,1889.7410942871193,state1
695,8.0,4.0,493.0035976204329,1931.9352322614882,state2
696,8.0,4.0,667.0544167647046,2050.606245314401,state2
697,8.0,4.0,714.5228219858695,2079.614715171779,state2
698,8.0,4.0,830.5567014153839,2113.897452275954,state2
699,8.0,4.0,978.236184325675,2142.9059221333328,state1
700,8.0,4.0,1088.9957965083934,2153.454456626925,state2
701,8.0,4.0,1186.5697405741214,2148.180189380129,state1
702,8.0,4.0,1231.4010121718882,2140.2687885099344,state2
703,8.0,4.0,1278.8694173930533,2124.4459867695464,state2
704,8.0,4.0,1431.8231675501404,2071.703314301585,state1
705,8.0,4.0,1616.4225211880043,1945.1209003784784,state2
706,8.0,4.0,1658.616659162373,1902.92676240411,state1
707,8.0,4.0,1803.6590084492661,1734.1502105066343,state2
708,8.0,4.0,1914.4186206319844,1475.711115413625,state1
709,8.0,4.0,1872.2244826576157,1048.4954684231402,state1
710,8.0,4.0,1843.216012800237,948.2843907340142,state1
711,8.0,4.0,1769.3762713450915,840.1619121746938,state1
712,8.0,4.0,1587.4140513306256,658.1996921602282,state2
713,8.0,4.0,1207.6668095613059,502.608808379743,state2
714,8.0,4.0,1168.109805210335,531.6172782371215,state2
715,8.0,4.0,1107.4557318721797,518.4316101201313,state1
716,8.0,4.0,835.8309686621801,571.1742825880923,state1
717,8.0,4.0,748.8055590900443,584.3599507050825,state2
718,8.0,4.0,701.3371538688793,616.0055541858593,state1
719,8.0,4.0,366.4211836973263,908.7273863830434,state2
720,8.0,5.0,369.0583173207243,1631.30199919411,state2
721,8.0,5.0,376.9697181909185,1681.407538038673,state2
722,8.0,5.0,390.15538630790877,1720.964542389644,state2
723,8.0,5.0,419.1638561652874,1786.8928829745955,state1
724,8.0,5.0,506.1892657374232,1931.9352322614882,state2
725,8.0,5.0,822.6453005451898,2174.5515256141093,state2
726,8.0,5.0,1009.8817878064518,2227.2941980820706,state2
727,8.0,5.0,1460.831637407519,2179.8257928609055,state1
728,8.0,5.0,1532.0342452392665,2137.6316548865366,state1
729,8.0,5.0,1687.6251290197517,2008.412107340032,state1
730,8.0,5.0,1795.7476075790719,1913.4752968977018,state1
731,8.0,5.0,1853.764547293829,1747.3358786236245,state1
732,8.0,5.0,1866.9502154108195,1707.7788742726539,state2
733,8.0,5.0,1895.958685268198,1670.8590035450811,state2
734,8.0,5.0,1906.5072197617903,1214.6348866972176,state1
735,8.0,5.0,1745.642068734509,914.0016536298393,state1
736,8.0,5.0,1584.7769177072275,797.9677742003249,state2
737,8.0,5.0,1434.4603011735385,703.030963757995,state2
738,8.0,5.0,1194.4811414443154,650.288291290034,state1
739,8.0,5.0,925.493511857714,703.030963757995,state2
740,8.0,5.0,859.5651712727627,726.7651663685775,state1
741,8.0,5.0,450.809459646064,1037.9469339295479,state1
742,12.0,0.0,266.21010600820017,1517.905253387994,state2
743,12.0,0.0,382.2439854377146,1763.158680364013,state2
744,12.0,0.0,395.4296535547049,1821.17562007877,state2
745,12.0,0.0,514.1006666076174,1976.7665038592554,state2
746,12.0,0.0,812.0967660515976,2182.4629264843034,state2
747,12.0,0.0,867.4765721429568,2195.6485946012936,state2
748,12.0,0.0,978.236184325675,2203.559995471488,state2
749,12.0,0.0,1313.152154497228,2174.5515256141093,state2
750,12.0,0.0,1463.468771030917,2087.5261160419736,state2
751,12.0,0.0,1587.4140513306256,1953.0323012486729,state2
752,12.0,0.0,1655.9795255389752,1831.7241545723623,state2
753,12.0,0.0,1706.085064383538,1765.7958139874108,state2
754,12.0,0.0,1743.0049351111109,1670.8590035450811,state2
755,12.0,0.0,1832.6674783066449,1357.0401023607124,state2
756,12.0,0.0,1803.6590084492661,1219.9091539440137,state2
757,12.0,0.0,1724.5449997473245,1030.0355330593538,state2
758,12.0,0.0,1500.38864175849,816.4277095641113,state2
759,12.0,0.0,1423.9117666799461,768.9593043429464,state2
760,12.0,0.0,1352.7091588481987,739.9508344855677,state2
761,12.0,0.0,1133.8270681061601,687.2081620176067,state2
762,12.0,0.0,896.4850420003354,684.5710283942086,state2
763,12.0,0.0,835.8309686621801,703.030963757995,state2
764,12.0,0.0,680.2400848816949,776.8707052131405,state2
765,12.0,0.0,609.0374770499474,813.7905759407134,state2
766,12.0,0.0,540.4720028415979,869.1703820320726,state1
767,12.0,0.0,311.0413776059671,1196.1749513334312,state1
768,12.0,0.0,287.3071749953846,1248.9176238013924,state2
769,12.0,1.0,231.92736890402546,1415.0570420754698,state1
770,12.0,1.0,253.0244378912099,1610.2049302069258,state2
771,12.0,1.0,276.7586405017924,1681.407538038673,state2
772,12.0,1.0,358.5097828271321,1850.1840899361487,state1
773,12.0,1.0,413.88958891849126,1895.0153615339154,state2
774,12.0,1.0,469.26939500985037,1950.3951676252746,state1
775,12.0,1.0,656.5058822711123,2119.17171952275,state2
776,12.0,1.0,780.451162570821,2216.7456635884782,state1
777,12.0,1.0,928.1306454811121,2269.4883360564395,state1
778,12.0,1.0,1057.3501930276166,2269.4883360564395,state2
779,12.0,1.0,1110.0928654955776,2272.1254696798374,state1
780,12.0,1.0,1207.6668095613056,2261.576935186245,state2
781,12.0,1.0,1265.6837492760628,2235.2055989522646,state2
782,12.0,1.0,1310.5150208738298,2222.0199308352744,state1
783,12.0,1.0,1727.1821333707226,1900.2896287807116,state2
784,12.0,1.0,1824.7560774364506,1702.5046070258577,state2
785,12.0,1.0,1888.047284398004,1554.8251241155667,state2
786,12.0,1.0,1901.2329525149942,1409.7827748286736,state2
787,12.0,1.0,1898.595818891596,1357.0401023607124,state1
788,12.0,1.0,1898.595818891596,1288.474628152363,state2
789,12.0,1.0,1890.684418021402,1243.6433565545963,state2
790,12.0,1.0,1824.7560774364506,1064.3182701635287,state1
791,12.0,1.0,1795.7476075790719,1006.3013304487714,state2
792,12.0,1.0,1774.6505385918877,979.9299942147908,state2
793,12.0,1.0,1740.3678014877128,919.2759208766355,state2
794,12.0,1.0,1592.6883185774218,774.2335715897426,state2
795,12.0,1.0,1212.9410768081018,584.3599507050825,state1
796,12.0,1.0,1036.253124040432,579.0856834582866,state2
797,12.0,1.0,759.3540935836365,647.6511576666359,state2
798,12.0,1.0,701.3371538688793,700.3938301345969,state2
799,12.0,1.0,669.6915503881027,750.4993689791601,state2
800,12.0,1.0,635.408813283928,761.0479034727522,state2
801,12.0,1.0,616.9488779201415,797.9677742003249,state1
802,12.0,1.0,537.8348692182,863.8961147852764,state2
803,12.0,1.0,477.1807958800446,921.9130545000336,state1
804,12.0,1.0,413.88958891849126,969.3814597211984,state1
805,12.0,1.0,303.12997673577297,1151.3436797356644,state1
806,12.0,1.0,250.38730426781188,1312.2088307629456,state2
807,12.0,1.0,237.20163615082157,1375.5000377244987,state2
808,12.0,2.0,292.58144224218074,1473.0739817902268,state2
809,12.0,2.0,324.2270457229574,1665.584736298285,state2
810,12.0,2.0,345.3241147101418,1734.1502105066343,state2
811,12.0,2.0,477.1807958800446,1942.4837667550805,state2
812,12.0,2.0,529.9234683480057,1971.4922366124592,state2
813,12.0,2.0,764.6283608304326,2124.4459867695464,state2
814,12.0,2.0,1038.8902576638302,2203.559995471488,state2
815,12.0,2.0,1141.7384689763544,2195.6485946012936,state2
816,12.0,2.0,1579.5026504604314,1984.6779047294494,state2
817,12.0,2.0,1766.7391377216934,1765.7958139874108,state2
818,12.0,2.0,1816.8446765662563,1631.30199919411,state2
819,12.0,2.0,1827.3932110598487,1578.5593267261488,state2
820,12.0,2.0,1845.853146423635,1444.065511932848,state2
821,12.0,2.0,1835.3046119300427,1275.2889600353728,state2
822,12.0,2.0,1827.3932110598487,1251.5547574247903,state2
823,12.0,2.0,1811.5704093194604,1188.2635504632372,state2
824,12.0,2.0,1779.9248058386836,1088.0524727741108,state2
825,12.0,2.0,1756.190603228101,1024.7612658125577,state2
826,12.0,2.0,1468.7430382777131,782.1449724599366,state2
827,12.0,2.0,1413.363232186354,721.4908991217814,state2
828,12.0,2.0,1376.4433614587813,713.5794982515873,state2
829,12.0,2.0,1199.7554086911116,660.8368257836261,state2
830,12.0,2.0,843.7423695323743,674.0224939006165,state1
831,12.0,2.0,801.5482315580055,681.9338947708105,state2
832,12.0,2.0,725.0713564794618,713.5794982515873,state2
833,12.0,2.0,442.89805877586986,1014.2127313189654,state1
834,12.0,3.0,292.58144224218074,1441.4283783094502,state2
835,12.0,3.0,282.0329077485885,1502.0824516476055,state2
836,12.0,3.0,300.4928431123749,1573.285059479353,state2
837,12.0,3.0,311.0413776059671,1628.6648655707122,state2
838,12.0,3.0,471.90652863324846,1908.2010296509056,state2
839,12.0,3.0,527.2863347246076,1942.4837667550805,state2
840,12.0,3.0,635.4088132839279,2029.5091763272162,state2
841,12.0,3.0,780.451162570821,2095.4375169121677,state2
842,12.0,3.0,1181.2954733273252,2134.9945212631387,state2
843,12.0,3.0,1247.2238139122765,2119.17171952275,state1
844,12.0,3.0,1703.44793076014,1805.352818338382,state2
845,12.0,3.0,1782.5619394620817,1655.0362018046926,state2
846,12.0,3.0,1848.4902800470331,1462.5254472966344,state1
847,12.0,3.0,1869.5873490342176,1359.6772359841107,state2
848,12.0,3.0,1677.0765945261596,863.8961147852764,state2
849,12.0,3.0,1579.5026504604316,779.5078388365386,state2
850,12.0,3.0,1423.9117666799461,718.8537654983833,state2
851,12.0,3.0,1328.9749562376162,676.6596275240146,state2
852,12.0,3.0,1197.1182750677135,623.9169550560533,state2
853,12.0,3.0,1144.3756025997525,608.094153315665,state2
854,12.0,3.0,970.324783455481,616.0055541858593,state2
855,12.0,3.0,883.2993738833451,626.5540886794514,state2
856,12.0,3.0,717.1599556092676,705.6680973813931,state1
857,12.0,3.0,659.1430158945104,721.4908991217814,state1
858,12.0,3.0,527.2863347246077,848.0733130448881,state1
859,12.0,3.0,477.1807958800446,924.5501881234317,state2
860,12.0,3.0,429.71239065887966,1069.5925374103244,state2
861,12.0,3.0,413.88958891849126,1095.9638736443053,state1
862,12.0,3.0,384.88111906111266,1124.9723435016836,state1
863,12.0,4.0,218.7417007870352,1388.685705841489,state1
864,12.0,4.0,279.3957741251905,1673.496137168479,state2
865,12.0,4.0,292.58144224218074,1713.0531415194496,state2
866,12.0,4.0,337.4127138399477,1776.3443484810032,state1
867,12.0,4.0,661.7801495179085,2121.808853146148,state1
868,12.0,4.0,936.0420463513061,2177.188659237507,state2
869,12.0,4.0,1297.3293527568396,2140.2687885099344,state2
870,12.0,4.0,1423.9117666799461,2079.614715171779,state2
871,12.0,4.0,1508.300042628684,2037.4205771974107,state2
872,12.0,4.0,1655.9795255389752,1892.3782279105176,state2
873,12.0,4.0,1716.6335988771302,1847.5469563127504,state2
874,12.0,4.0,1732.4564006175187,1807.9899519617798,state1
875,12.0,4.0,1787.8362067088779,1744.6987450002266,state2
876,12.0,4.0,1832.6674783066449,1647.1248009344986,state2
877,12.0,4.0,1869.5873490342176,1209.3606194504214,state1
878,12.0,4.0,1827.3932110598487,1109.1495417612955,state2
879,12.0,4.0,1782.5619394620817,1024.7612658125577,state1
880,12.0,4.0,1756.190603228101,974.6557269679946,state2
881,12.0,4.0,1740.3678014877128,943.010123487218,state2
882,12.0,4.0,1619.0596548114024,797.9677742003249,state2
883,12.0,4.0,1510.937176252082,708.3052310047912,state1
884,12.0,4.0,1431.8231675501404,671.3853602772184,state1
885,12.0,4.0,1178.6583397039271,579.0856834582866,state1
886,12.0,4.0,1059.9873266510147,594.9084851986748,state1
887,12.0,4.0,838.4681022855782,610.7312869390631,state2
888,12.0,4.0,445.53519239926794,821.7019768109075,state2
889,12.0,4.0,355.87264920373406,879.7189165256647,state2
890,12.0,5.0,305.767110359171,1396.5971067116834,state2
891,12.0,5.0,350.59838195693794,1607.5677965835275,state2
892,12.0,5.0,382.2439854377146,1686.6818052854692,state2
893,12.0,5.0,429.71239065887954,1778.981482104401,state2
894,12.0,5.0,543.109136464996,1937.2094995082844,state2
895,12.0,5.0,585.3032744393649,2000.500706469838,state2
896,12.0,5.0,941.3163135981023,2116.5345858993524,state1
897,12.0,5.0,1052.0759257808204,2127.0831203929442,state2
898,12.0,5.0,1147.0127362231506,2129.7202540163426,state2
899,12.0,5.0,1207.6668095613056,2116.5345858993524,state2
900,12.0,5.0,1276.2322837696552,2113.897452275954,state2
901,12.0,5.0,1402.8146976927617,2092.80038328877,state2
902,12.0,5.0,1684.9879953963537,1844.9098226893525,state2
903,12.0,5.0,1779.9248058386836,1710.4160078960517,state2
904,12.0,5.0,1819.4818101896544,1636.5762664409062,state2
905,12.0,5.0,1840.5788791768389,1589.1078612197412,state2
906,12.0,5.0,1864.3130817874214,1283.2003609055669,state2
907,12.0,5.0,1874.8616162810135,1248.9176238013924,state2
908,12.0,5.0,1861.6759481640233,1146.0694124888682,state2
909,12.0,5.0,1743.0049351111109,813.7905759407134,state2
910,12.0,5.0,1576.8655168370335,695.119562887801,state1
911,12.0,5.0,1263.046615652665,589.6342179518787,state1
912,12.0,5.0,1189.2068741975193,584.3599507050825,state2
913,12.0,5.0,1123.278533612568,586.9970843284806,state2
914,12.0,5.0,421.8009897886854,1003.6641968253733,state1
915,12.0,5.0,400.703920801501,1037.9469339295479,state2
916,12.0,5.0,371.6954509441224,1101.2381408911015,state2
917,12.0,5.0,345.3241147101418,1193.5378177100333,state2
